id,path,dataset_format,state
1,/Users/shirokuriwaki/Dropbox/CVR_Data_Shared/data_main/STATA_long/AK_Statewide_long.dta,snyder_standard,NA
2,/Users/shirokuriwaki/Dropbox/CVR_Data_Shared/data_main/STATA_long/AZ_Maricopa_long.dta,snyder_standard,NA
3,/Users/shirokuriwaki/Dropbox/CVR_Data_Shared/data_main/STATA_long/AZ_Pima_long.dta,snyder_standard,NA
4,/Users/shirokuriwaki/Dropbox/CVR_Data_Shared/data_main/STATA_long/AZ_Santa_Cruz_long.dta,snyder_standard,NA
5,/Users/shirokuriwaki/Dropbox/CVR_Data_Shared/data_main/STATA_long/AZ_Yuma_long.dta,snyder_standard,NA
6,/Users/shirokuriwaki/Dropbox/CVR_Data_Shared/data_main/STATA_long/CA_Alameda_long.dta,snyder_standard,NA
7,/Users/shirokuriwaki/Dropbox/CVR_Data_Shared/data_main/STATA_long/CA_Amador_long.dta,snyder_standard,NA
8,/Users/shirokuriwaki/Dropbox/CVR_Data_Shared/data_main/STATA_long/CA_Contra_Costa_long.dta,snyder_standard,NA
9,/Users/shirokuriwaki/Dropbox/CVR_Data_Shared/data_main/STATA_long/CA_Del_Norte_long.dta,snyder_standard,NA
10,/Users/shirokuriwaki/Dropbox/CVR_Data_Shared/data_main/STATA_long/CA_El_Dorado_long.dta,snyder_standard,NA
11,/Users/shirokuriwaki/Dropbox/CVR_Data_Shared/data_main/STATA_long/CA_Fresno_long.dta,snyder_standard,NA
12,/Users/shirokuriwaki/Dropbox/CVR_Data_Shared/data_main/STATA_long/CA_Imperial_long.dta,snyder_standard,NA
13,/Users/shirokuriwaki/Dropbox/CVR_Data_Shared/data_main/STATA_long/CA_Inyo_long.dta,snyder_standard,NA
14,/Users/shirokuriwaki/Dropbox/CVR_Data_Shared/data_main/STATA_long/CA_Kern_long.dta,snyder_standard,NA
15,/Users/shirokuriwaki/Dropbox/CVR_Data_Shared/data_main/STATA_long/CA_Kings_long.dta,snyder_standard,NA
16,/Users/shirokuriwaki/Dropbox/CVR_Data_Shared/data_main/STATA_long/CA_Marin_long.dta,snyder_standard,NA
17,/Users/shirokuriwaki/Dropbox/CVR_Data_Shared/data_main/STATA_long/CA_Mariposa_long.dta,snyder_standard,NA
18,/Users/shirokuriwaki/Dropbox/CVR_Data_Shared/data_main/STATA_long/CA_Merced_long.dta,snyder_standard,NA
19,/Users/shirokuriwaki/Dropbox/CVR_Data_Shared/data_main/STATA_long/CA_Placer_long.dta,snyder_standard,NA
20,/Users/shirokuriwaki/Dropbox/CVR_Data_Shared/data_main/STATA_long/CA_Riverside_long.dta,snyder_standard,NA
21,/Users/shirokuriwaki/Dropbox/CVR_Data_Shared/data_main/STATA_long/CA_San_Benito_long.dta,snyder_standard,NA
22,/Users/shirokuriwaki/Dropbox/CVR_Data_Shared/data_main/STATA_long/CA_San_Bernardino_long.dta,snyder_standard,NA
23,/Users/shirokuriwaki/Dropbox/CVR_Data_Shared/data_main/STATA_long/CA_San_Diego_long.dta,snyder_standard,NA
24,/Users/shirokuriwaki/Dropbox/CVR_Data_Shared/data_main/STATA_long/CA_San_Francisco_long.dta,snyder_standard,NA
25,/Users/shirokuriwaki/Dropbox/CVR_Data_Shared/data_main/STATA_long/CA_San_Luis_Obispo_long.dta,snyder_standard,NA
26,/Users/shirokuriwaki/Dropbox/CVR_Data_Shared/data_main/STATA_long/CA_San_Mateo_long.dta,snyder_standard,NA
27,/Users/shirokuriwaki/Dropbox/CVR_Data_Shared/data_main/STATA_long/CA_Santa_Barbara_long.dta,snyder_standard,NA
28,/Users/shirokuriwaki/Dropbox/CVR_Data_Shared/data_main/STATA_long/CA_Santa_Clara_long.dta,snyder_standard,NA
29,/Users/shirokuriwaki/Dropbox/CVR_Data_Shared/data_main/STATA_long/CA_Santa_Cruz_long.dta,snyder_standard,NA
30,/Users/shirokuriwaki/Dropbox/CVR_Data_Shared/data_main/STATA_long/CA_Shasta_long.dta,snyder_standard,NA
31,/Users/shirokuriwaki/Dropbox/CVR_Data_Shared/data_main/STATA_long/CA_Sonoma_long.dta,snyder_standard,NA
32,/Users/shirokuriwaki/Dropbox/CVR_Data_Shared/data_main/STATA_long/CA_Sutter_long.dta,snyder_standard,NA
33,/Users/shirokuriwaki/Dropbox/CVR_Data_Shared/data_main/STATA_long/CA_Tehama_long.dta,snyder_standard,NA
34,/Users/shirokuriwaki/Dropbox/CVR_Data_Shared/data_main/STATA_long/CA_Tuolumne_long.dta,snyder_standard,NA
35,/Users/shirokuriwaki/Dropbox/CVR_Data_Shared/data_main/STATA_long/CA_Ventura_long.dta,snyder_standard,NA
36,/Users/shirokuriwaki/Dropbox/CVR_Data_Shared/data_main/STATA_long/CA_Yuba_long.dta,snyder_standard,NA
37,/Users/shirokuriwaki/Dropbox/CVR_Data_Shared/data_main/STATA_long/CO_Adams_long.dta,snyder_standard,NA
38,/Users/shirokuriwaki/Dropbox/CVR_Data_Shared/data_main/STATA_long/CO_Alamosa_long.dta,snyder_standard,NA
39,/Users/shirokuriwaki/Dropbox/CVR_Data_Shared/data_main/STATA_long/CO_Arapahoe_long.dta,snyder_standard,NA
40,/Users/shirokuriwaki/Dropbox/CVR_Data_Shared/data_main/STATA_long/CO_Archuleta_long.dta,snyder_standard,NA
41,/Users/shirokuriwaki/Dropbox/CVR_Data_Shared/data_main/STATA_long/CO_Bent_long.dta,snyder_standard,NA
42,/Users/shirokuriwaki/Dropbox/CVR_Data_Shared/data_main/STATA_long/CO_Boulder_long.dta,snyder_standard,NA
43,/Users/shirokuriwaki/Dropbox/CVR_Data_Shared/data_main/STATA_long/CO_Broomfield_long.dta,snyder_standard,NA
44,/Users/shirokuriwaki/Dropbox/CVR_Data_Shared/data_main/STATA_long/CO_Chaffee_long.dta,snyder_standard,NA
45,/Users/shirokuriwaki/Dropbox/CVR_Data_Shared/data_main/STATA_long/CO_Cheyenne_long.dta,snyder_standard,NA
46,/Users/shirokuriwaki/Dropbox/CVR_Data_Shared/data_main/STATA_long/CO_Clear_Creek_long.dta,snyder_standard,NA
47,/Users/shirokuriwaki/Dropbox/CVR_Data_Shared/data_main/STATA_long/CO_Conejos_long.dta,snyder_standard,NA
48,/Users/shirokuriwaki/Dropbox/CVR_Data_Shared/data_main/STATA_long/CO_Costilla_long.dta,snyder_standard,NA
49,/Users/shirokuriwaki/Dropbox/CVR_Data_Shared/data_main/STATA_long/CO_Crowley_long.dta,snyder_standard,NA
50,/Users/shirokuriwaki/Dropbox/CVR_Data_Shared/data_main/STATA_long/CO_Custer_long.dta,snyder_standard,NA
51,/Users/shirokuriwaki/Dropbox/CVR_Data_Shared/data_main/STATA_long/CO_Delta_long.dta,snyder_standard,NA
52,/Users/shirokuriwaki/Dropbox/CVR_Data_Shared/data_main/STATA_long/CO_Denver_long.dta,snyder_standard,NA
53,/Users/shirokuriwaki/Dropbox/CVR_Data_Shared/data_main/STATA_long/CO_Dolores_long.dta,snyder_standard,NA
54,/Users/shirokuriwaki/Dropbox/CVR_Data_Shared/data_main/STATA_long/CO_Douglas_long.dta,snyder_standard,NA
55,/Users/shirokuriwaki/Dropbox/CVR_Data_Shared/data_main/STATA_long/CO_Eagle_long.dta,snyder_standard,NA
56,/Users/shirokuriwaki/Dropbox/CVR_Data_Shared/data_main/STATA_long/CO_El_Paso_long.dta,snyder_standard,NA
57,/Users/shirokuriwaki/Dropbox/CVR_Data_Shared/data_main/STATA_long/CO_Elbert_long.dta,snyder_standard,NA
58,/Users/shirokuriwaki/Dropbox/CVR_Data_Shared/data_main/STATA_long/CO_Fremont_long.dta,snyder_standard,NA
59,/Users/shirokuriwaki/Dropbox/CVR_Data_Shared/data_main/STATA_long/CO_Garfield_long.dta,snyder_standard,NA
60,/Users/shirokuriwaki/Dropbox/CVR_Data_Shared/data_main/STATA_long/CO_Gilpin_long.dta,snyder_standard,NA
61,/Users/shirokuriwaki/Dropbox/CVR_Data_Shared/data_main/STATA_long/CO_Grand_long.dta,snyder_standard,NA
62,/Users/shirokuriwaki/Dropbox/CVR_Data_Shared/data_main/STATA_long/CO_Gunnison_long.dta,snyder_standard,NA
63,/Users/shirokuriwaki/Dropbox/CVR_Data_Shared/data_main/STATA_long/CO_Hinsdale_long.dta,snyder_standard,NA
64,/Users/shirokuriwaki/Dropbox/CVR_Data_Shared/data_main/STATA_long/CO_Huerfano_long.dta,snyder_standard,NA
65,/Users/shirokuriwaki/Dropbox/CVR_Data_Shared/data_main/STATA_long/CO_Jackson_long.dta,snyder_standard,NA
66,/Users/shirokuriwaki/Dropbox/CVR_Data_Shared/data_main/STATA_long/CO_Jefferson_long.dta,snyder_standard,NA
67,/Users/shirokuriwaki/Dropbox/CVR_Data_Shared/data_main/STATA_long/CO_Kiowa_long.dta,snyder_standard,NA
68,/Users/shirokuriwaki/Dropbox/CVR_Data_Shared/data_main/STATA_long/CO_Kit_Carson_long.dta,snyder_standard,NA
69,/Users/shirokuriwaki/Dropbox/CVR_Data_Shared/data_main/STATA_long/CO_La_Plata_long.dta,snyder_standard,NA
70,/Users/shirokuriwaki/Dropbox/CVR_Data_Shared/data_main/STATA_long/CO_Lake_long.dta,snyder_standard,NA
71,/Users/shirokuriwaki/Dropbox/CVR_Data_Shared/data_main/STATA_long/CO_Larimer_long.dta,snyder_standard,NA
72,/Users/shirokuriwaki/Dropbox/CVR_Data_Shared/data_main/STATA_long/CO_Las_Animas_long.dta,snyder_standard,NA
73,/Users/shirokuriwaki/Dropbox/CVR_Data_Shared/data_main/STATA_long/CO_Lincoln_long.dta,snyder_standard,NA
74,/Users/shirokuriwaki/Dropbox/CVR_Data_Shared/data_main/STATA_long/CO_Logan_long.dta,snyder_standard,NA
75,/Users/shirokuriwaki/Dropbox/CVR_Data_Shared/data_main/STATA_long/CO_Mesa_long.dta,snyder_standard,NA
76,/Users/shirokuriwaki/Dropbox/CVR_Data_Shared/data_main/STATA_long/CO_Mineral_long.dta,snyder_standard,NA
77,/Users/shirokuriwaki/Dropbox/CVR_Data_Shared/data_main/STATA_long/CO_Moffat_long.dta,snyder_standard,NA
78,/Users/shirokuriwaki/Dropbox/CVR_Data_Shared/data_main/STATA_long/CO_Montezuma_long.dta,snyder_standard,NA
79,/Users/shirokuriwaki/Dropbox/CVR_Data_Shared/data_main/STATA_long/CO_Montrose_long.dta,snyder_standard,NA
80,/Users/shirokuriwaki/Dropbox/CVR_Data_Shared/data_main/STATA_long/CO_Morgan_long.dta,snyder_standard,NA
81,/Users/shirokuriwaki/Dropbox/CVR_Data_Shared/data_main/STATA_long/CO_Otero_long.dta,snyder_standard,NA
82,/Users/shirokuriwaki/Dropbox/CVR_Data_Shared/data_main/STATA_long/CO_Ouray_long.dta,snyder_standard,NA
83,/Users/shirokuriwaki/Dropbox/CVR_Data_Shared/data_main/STATA_long/CO_Park_long.dta,snyder_standard,NA
84,/Users/shirokuriwaki/Dropbox/CVR_Data_Shared/data_main/STATA_long/CO_Phillips_long.dta,snyder_standard,NA
85,/Users/shirokuriwaki/Dropbox/CVR_Data_Shared/data_main/STATA_long/CO_Pitkin_long.dta,snyder_standard,NA
86,/Users/shirokuriwaki/Dropbox/CVR_Data_Shared/data_main/STATA_long/CO_Prowers_long.dta,snyder_standard,NA
87,/Users/shirokuriwaki/Dropbox/CVR_Data_Shared/data_main/STATA_long/CO_Pueblo_long.dta,snyder_standard,NA
88,/Users/shirokuriwaki/Dropbox/CVR_Data_Shared/data_main/STATA_long/CO_Rio_Blanco_long.dta,snyder_standard,NA
89,/Users/shirokuriwaki/Dropbox/CVR_Data_Shared/data_main/STATA_long/CO_Rio_Grande_long.dta,snyder_standard,NA
90,/Users/shirokuriwaki/Dropbox/CVR_Data_Shared/data_main/STATA_long/CO_Routt_long.dta,snyder_standard,NA
91,/Users/shirokuriwaki/Dropbox/CVR_Data_Shared/data_main/STATA_long/CO_Saguache_long.dta,snyder_standard,NA
92,/Users/shirokuriwaki/Dropbox/CVR_Data_Shared/data_main/STATA_long/CO_San_Miguel_long.dta,snyder_standard,NA
93,/Users/shirokuriwaki/Dropbox/CVR_Data_Shared/data_main/STATA_long/CO_Sedgwick_long.dta,snyder_standard,NA
94,/Users/shirokuriwaki/Dropbox/CVR_Data_Shared/data_main/STATA_long/CO_Summit_long.dta,snyder_standard,NA
95,/Users/shirokuriwaki/Dropbox/CVR_Data_Shared/data_main/STATA_long/CO_Teller_long.dta,snyder_standard,NA
96,/Users/shirokuriwaki/Dropbox/CVR_Data_Shared/data_main/STATA_long/CO_Washington_long.dta,snyder_standard,NA
97,/Users/shirokuriwaki/Dropbox/CVR_Data_Shared/data_main/STATA_long/CO_Weld_long.dta,snyder_standard,NA
98,/Users/shirokuriwaki/Dropbox/CVR_Data_Shared/data_main/STATA_long/CO_Yuma_long.dta,snyder_standard,NA
99,/Users/shirokuriwaki/Dropbox/CVR_Data_Shared/data_main/STATA_long/FL_Bay_long.dta,snyder_standard,NA
100,/Users/shirokuriwaki/Dropbox/CVR_Data_Shared/data_main/STATA_long/FL_Bradford_long.dta,snyder_standard,NA
101,/Users/shirokuriwaki/Dropbox/CVR_Data_Shared/data_main/STATA_long/FL_Calhoun_long.dta,snyder_standard,NA
102,/Users/shirokuriwaki/Dropbox/CVR_Data_Shared/data_main/STATA_long/FL_Citrus_long.dta,snyder_standard,NA
103,/Users/shirokuriwaki/Dropbox/CVR_Data_Shared/data_main/STATA_long/FL_Clay_long.dta,snyder_standard,NA
104,/Users/shirokuriwaki/Dropbox/CVR_Data_Shared/data_main/STATA_long/FL_Collier_long.dta,snyder_standard,NA
105,/Users/shirokuriwaki/Dropbox/CVR_Data_Shared/data_main/STATA_long/FL_Duval_long.dta,snyder_standard,NA
106,/Users/shirokuriwaki/Dropbox/CVR_Data_Shared/data_main/STATA_long/FL_Escambia_long.dta,snyder_standard,NA
107,/Users/shirokuriwaki/Dropbox/CVR_Data_Shared/data_main/STATA_long/FL_Flagler_long.dta,snyder_standard,NA
108,/Users/shirokuriwaki/Dropbox/CVR_Data_Shared/data_main/STATA_long/FL_Gadsden_long.dta,snyder_standard,NA
109,/Users/shirokuriwaki/Dropbox/CVR_Data_Shared/data_main/STATA_long/FL_Gulf_long.dta,snyder_standard,NA
110,/Users/shirokuriwaki/Dropbox/CVR_Data_Shared/data_main/STATA_long/FL_Hamilton_long.dta,snyder_standard,NA
111,/Users/shirokuriwaki/Dropbox/CVR_Data_Shared/data_main/STATA_long/FL_Highlands_long.dta,snyder_standard,NA
112,/Users/shirokuriwaki/Dropbox/CVR_Data_Shared/data_main/STATA_long/FL_Hillsborough_long.dta,snyder_standard,NA
113,/Users/shirokuriwaki/Dropbox/CVR_Data_Shared/data_main/STATA_long/FL_Holmes_long.dta,snyder_standard,NA
114,/Users/shirokuriwaki/Dropbox/CVR_Data_Shared/data_main/STATA_long/FL_Indian_River_long.dta,snyder_standard,NA
115,/Users/shirokuriwaki/Dropbox/CVR_Data_Shared/data_main/STATA_long/FL_Jackson_long.dta,snyder_standard,NA
116,/Users/shirokuriwaki/Dropbox/CVR_Data_Shared/data_main/STATA_long/FL_Lafayette_long.dta,snyder_standard,NA
117,/Users/shirokuriwaki/Dropbox/CVR_Data_Shared/data_main/STATA_long/FL_Lake_long.dta,snyder_standard,NA
118,/Users/shirokuriwaki/Dropbox/CVR_Data_Shared/data_main/STATA_long/FL_Lee_long.dta,snyder_standard,NA
119,/Users/shirokuriwaki/Dropbox/CVR_Data_Shared/data_main/STATA_long/FL_Manatee_long.dta,snyder_standard,NA
120,/Users/shirokuriwaki/Dropbox/CVR_Data_Shared/data_main/STATA_long/FL_Marion_long.dta,snyder_standard,NA
121,/Users/shirokuriwaki/Dropbox/CVR_Data_Shared/data_main/STATA_long/FL_Martin_long.dta,snyder_standard,NA
122,/Users/shirokuriwaki/Dropbox/CVR_Data_Shared/data_main/STATA_long/FL_Miami-Dade_long.dta,snyder_standard,NA
123,/Users/shirokuriwaki/Dropbox/CVR_Data_Shared/data_main/STATA_long/FL_Nassau_long.dta,snyder_standard,NA
124,/Users/shirokuriwaki/Dropbox/CVR_Data_Shared/data_main/STATA_long/FL_Okaloosa_long.dta,snyder_standard,NA
125,/Users/shirokuriwaki/Dropbox/CVR_Data_Shared/data_main/STATA_long/FL_Orange_long.dta,snyder_standard,NA
126,/Users/shirokuriwaki/Dropbox/CVR_Data_Shared/data_main/STATA_long/FL_Palm_long.dta,snyder_standard,NA
127,/Users/shirokuriwaki/Dropbox/CVR_Data_Shared/data_main/STATA_long/FL_Pasco_long.dta,snyder_standard,NA
128,/Users/shirokuriwaki/Dropbox/CVR_Data_Shared/data_main/STATA_long/FL_Santa_Rosa_long.dta,snyder_standard,NA
129,/Users/shirokuriwaki/Dropbox/CVR_Data_Shared/data_main/STATA_long/FL_Sarasota_long.dta,snyder_standard,NA
130,/Users/shirokuriwaki/Dropbox/CVR_Data_Shared/data_main/STATA_long/FL_St_Johns_long.dta,snyder_standard,NA
131,/Users/shirokuriwaki/Dropbox/CVR_Data_Shared/data_main/STATA_long/FL_Sumter_long.dta,snyder_standard,NA
132,/Users/shirokuriwaki/Dropbox/CVR_Data_Shared/data_main/STATA_long/FL_Volusia_long.dta,snyder_standard,NA
133,/Users/shirokuriwaki/Dropbox/CVR_Data_Shared/data_main/STATA_long/FL_Wakulla_long.dta,snyder_standard,NA
134,/Users/shirokuriwaki/Dropbox/CVR_Data_Shared/data_main/STATA_long/FL_Walton_long.dta,snyder_standard,NA
135,/Users/shirokuriwaki/Dropbox/CVR_Data_Shared/data_main/STATA_long/GA_Bacon_long.dta,snyder_standard,NA
136,/Users/shirokuriwaki/Dropbox/CVR_Data_Shared/data_main/STATA_long/GA_Barrow_long.dta,snyder_standard,NA
137,/Users/shirokuriwaki/Dropbox/CVR_Data_Shared/data_main/STATA_long/GA_Bartow_long.dta,snyder_standard,NA
138,/Users/shirokuriwaki/Dropbox/CVR_Data_Shared/data_main/STATA_long/GA_Ben_Hill_long.dta,snyder_standard,NA
139,/Users/shirokuriwaki/Dropbox/CVR_Data_Shared/data_main/STATA_long/GA_Berrien_long.dta,snyder_standard,NA
140,/Users/shirokuriwaki/Dropbox/CVR_Data_Shared/data_main/STATA_long/GA_Bibb_long.dta,snyder_standard,NA
141,/Users/shirokuriwaki/Dropbox/CVR_Data_Shared/data_main/STATA_long/GA_Bleckly_long.dta,snyder_standard,NA
142,/Users/shirokuriwaki/Dropbox/CVR_Data_Shared/data_main/STATA_long/GA_Brantley_long.dta,snyder_standard,NA
143,/Users/shirokuriwaki/Dropbox/CVR_Data_Shared/data_main/STATA_long/GA_Bryan_long.dta,snyder_standard,NA
144,/Users/shirokuriwaki/Dropbox/CVR_Data_Shared/data_main/STATA_long/GA_Burke_long.dta,snyder_standard,NA
145,/Users/shirokuriwaki/Dropbox/CVR_Data_Shared/data_main/STATA_long/GA_Camden_long.dta,snyder_standard,NA
146,/Users/shirokuriwaki/Dropbox/CVR_Data_Shared/data_main/STATA_long/GA_Candler_long.dta,snyder_standard,NA
147,/Users/shirokuriwaki/Dropbox/CVR_Data_Shared/data_main/STATA_long/GA_Carroll_long.dta,snyder_standard,NA
148,/Users/shirokuriwaki/Dropbox/CVR_Data_Shared/data_main/STATA_long/GA_Catoosa_long.dta,snyder_standard,NA
149,/Users/shirokuriwaki/Dropbox/CVR_Data_Shared/data_main/STATA_long/GA_Charlton_long.dta,snyder_standard,NA
150,/Users/shirokuriwaki/Dropbox/CVR_Data_Shared/data_main/STATA_long/GA_Chatham_long.dta,snyder_standard,NA
151,/Users/shirokuriwaki/Dropbox/CVR_Data_Shared/data_main/STATA_long/GA_Chatooga_long.dta,snyder_standard,NA
152,/Users/shirokuriwaki/Dropbox/CVR_Data_Shared/data_main/STATA_long/GA_Cherokee_long.dta,snyder_standard,NA
153,/Users/shirokuriwaki/Dropbox/CVR_Data_Shared/data_main/STATA_long/GA_Clarke_long.dta,snyder_standard,NA
154,/Users/shirokuriwaki/Dropbox/CVR_Data_Shared/data_main/STATA_long/GA_Cobb_long.dta,snyder_standard,NA
155,/Users/shirokuriwaki/Dropbox/CVR_Data_Shared/data_main/STATA_long/GA_Colquitt_long.dta,snyder_standard,NA
156,/Users/shirokuriwaki/Dropbox/CVR_Data_Shared/data_main/STATA_long/GA_Columbia_long.dta,snyder_standard,NA
157,/Users/shirokuriwaki/Dropbox/CVR_Data_Shared/data_main/STATA_long/GA_Cook_long.dta,snyder_standard,NA
158,/Users/shirokuriwaki/Dropbox/CVR_Data_Shared/data_main/STATA_long/GA_Crisp_long.dta,snyder_standard,NA
159,/Users/shirokuriwaki/Dropbox/CVR_Data_Shared/data_main/STATA_long/GA_Dade_long.dta,snyder_standard,NA
160,/Users/shirokuriwaki/Dropbox/CVR_Data_Shared/data_main/STATA_long/GA_Dawson_long.dta,snyder_standard,NA
161,/Users/shirokuriwaki/Dropbox/CVR_Data_Shared/data_main/STATA_long/GA_DeKalb_long.dta,snyder_standard,NA
162,/Users/shirokuriwaki/Dropbox/CVR_Data_Shared/data_main/STATA_long/GA_Douglas_long.dta,snyder_standard,NA
163,/Users/shirokuriwaki/Dropbox/CVR_Data_Shared/data_main/STATA_long/GA_Early_long.dta,snyder_standard,NA
164,/Users/shirokuriwaki/Dropbox/CVR_Data_Shared/data_main/STATA_long/GA_Echols_long.dta,snyder_standard,NA
165,/Users/shirokuriwaki/Dropbox/CVR_Data_Shared/data_main/STATA_long/GA_Elbert_long.dta,snyder_standard,NA
166,/Users/shirokuriwaki/Dropbox/CVR_Data_Shared/data_main/STATA_long/GA_Emmanuel_long.dta,snyder_standard,NA
167,/Users/shirokuriwaki/Dropbox/CVR_Data_Shared/data_main/STATA_long/GA_Fayette_long.dta,snyder_standard,NA
168,/Users/shirokuriwaki/Dropbox/CVR_Data_Shared/data_main/STATA_long/GA_Floyd_long.dta,snyder_standard,NA
169,/Users/shirokuriwaki/Dropbox/CVR_Data_Shared/data_main/STATA_long/GA_Forsyth_long.dta,snyder_standard,NA
170,/Users/shirokuriwaki/Dropbox/CVR_Data_Shared/data_main/STATA_long/GA_Gilmer_long.dta,snyder_standard,NA
171,/Users/shirokuriwaki/Dropbox/CVR_Data_Shared/data_main/STATA_long/GA_Glascock_long.dta,snyder_standard,NA
172,/Users/shirokuriwaki/Dropbox/CVR_Data_Shared/data_main/STATA_long/GA_Glynn_long.dta,snyder_standard,NA
173,/Users/shirokuriwaki/Dropbox/CVR_Data_Shared/data_main/STATA_long/GA_Gordon_long.dta,snyder_standard,NA
174,/Users/shirokuriwaki/Dropbox/CVR_Data_Shared/data_main/STATA_long/GA_Grady_long.dta,snyder_standard,NA
175,/Users/shirokuriwaki/Dropbox/CVR_Data_Shared/data_main/STATA_long/GA_Greene_long.dta,snyder_standard,NA
176,/Users/shirokuriwaki/Dropbox/CVR_Data_Shared/data_main/STATA_long/GA_Gwinnett_long.dta,snyder_standard,NA
177,/Users/shirokuriwaki/Dropbox/CVR_Data_Shared/data_main/STATA_long/GA_Hall_long.dta,snyder_standard,NA
178,/Users/shirokuriwaki/Dropbox/CVR_Data_Shared/data_main/STATA_long/GA_Haralson_long.dta,snyder_standard,NA
179,/Users/shirokuriwaki/Dropbox/CVR_Data_Shared/data_main/STATA_long/GA_Harris_long.dta,snyder_standard,NA
180,/Users/shirokuriwaki/Dropbox/CVR_Data_Shared/data_main/STATA_long/GA_Hart_long.dta,snyder_standard,NA
181,/Users/shirokuriwaki/Dropbox/CVR_Data_Shared/data_main/STATA_long/GA_Heard_long.dta,snyder_standard,NA
182,/Users/shirokuriwaki/Dropbox/CVR_Data_Shared/data_main/STATA_long/GA_Henry_long.dta,snyder_standard,NA
183,/Users/shirokuriwaki/Dropbox/CVR_Data_Shared/data_main/STATA_long/GA_Houston_long.dta,snyder_standard,NA
184,/Users/shirokuriwaki/Dropbox/CVR_Data_Shared/data_main/STATA_long/GA_Irwin_long.dta,snyder_standard,NA
185,/Users/shirokuriwaki/Dropbox/CVR_Data_Shared/data_main/STATA_long/GA_Jackson_long.dta,snyder_standard,NA
186,/Users/shirokuriwaki/Dropbox/CVR_Data_Shared/data_main/STATA_long/GA_Jasper_long.dta,snyder_standard,NA
187,/Users/shirokuriwaki/Dropbox/CVR_Data_Shared/data_main/STATA_long/GA_Lanier_long.dta,snyder_standard,NA
188,/Users/shirokuriwaki/Dropbox/CVR_Data_Shared/data_main/STATA_long/GA_Laurens_long.dta,snyder_standard,NA
189,/Users/shirokuriwaki/Dropbox/CVR_Data_Shared/data_main/STATA_long/GA_Lee_long.dta,snyder_standard,NA
190,/Users/shirokuriwaki/Dropbox/CVR_Data_Shared/data_main/STATA_long/GA_Lowndes_long.dta,snyder_standard,NA
191,/Users/shirokuriwaki/Dropbox/CVR_Data_Shared/data_main/STATA_long/GA_Lumpkin_long.dta,snyder_standard,NA
192,/Users/shirokuriwaki/Dropbox/CVR_Data_Shared/data_main/STATA_long/GA_Madison_long.dta,snyder_standard,NA
193,/Users/shirokuriwaki/Dropbox/CVR_Data_Shared/data_main/STATA_long/GA_McDuffie_long.dta,snyder_standard,NA
194,/Users/shirokuriwaki/Dropbox/CVR_Data_Shared/data_main/STATA_long/GA_Mitchell_long.dta,snyder_standard,NA
195,/Users/shirokuriwaki/Dropbox/CVR_Data_Shared/data_main/STATA_long/GA_Morgan_long.dta,snyder_standard,NA
196,/Users/shirokuriwaki/Dropbox/CVR_Data_Shared/data_main/STATA_long/GA_Murray_long.dta,snyder_standard,NA
197,/Users/shirokuriwaki/Dropbox/CVR_Data_Shared/data_main/STATA_long/GA_Muscogee_long.dta,snyder_standard,NA
198,/Users/shirokuriwaki/Dropbox/CVR_Data_Shared/data_main/STATA_long/GA_Newton_long.dta,snyder_standard,NA
199,/Users/shirokuriwaki/Dropbox/CVR_Data_Shared/data_main/STATA_long/GA_Oconee_long.dta,snyder_standard,NA
200,/Users/shirokuriwaki/Dropbox/CVR_Data_Shared/data_main/STATA_long/GA_Paulding_long.dta,snyder_standard,NA
201,/Users/shirokuriwaki/Dropbox/CVR_Data_Shared/data_main/STATA_long/GA_Pierce_long.dta,snyder_standard,NA
202,/Users/shirokuriwaki/Dropbox/CVR_Data_Shared/data_main/STATA_long/GA_Pike_long.dta,snyder_standard,NA
203,/Users/shirokuriwaki/Dropbox/CVR_Data_Shared/data_main/STATA_long/GA_Polk_long.dta,snyder_standard,NA
204,/Users/shirokuriwaki/Dropbox/CVR_Data_Shared/data_main/STATA_long/GA_Pulaski_long.dta,snyder_standard,NA
205,/Users/shirokuriwaki/Dropbox/CVR_Data_Shared/data_main/STATA_long/GA_Putnam_long.dta,snyder_standard,NA
206,/Users/shirokuriwaki/Dropbox/CVR_Data_Shared/data_main/STATA_long/GA_Rabun_long.dta,snyder_standard,NA
207,/Users/shirokuriwaki/Dropbox/CVR_Data_Shared/data_main/STATA_long/GA_Richmond_long.dta,snyder_standard,NA
208,/Users/shirokuriwaki/Dropbox/CVR_Data_Shared/data_main/STATA_long/GA_Rockdale_long.dta,snyder_standard,NA
209,/Users/shirokuriwaki/Dropbox/CVR_Data_Shared/data_main/STATA_long/GA_Schley_long.dta,snyder_standard,NA
210,/Users/shirokuriwaki/Dropbox/CVR_Data_Shared/data_main/STATA_long/GA_Spalding_long.dta,snyder_standard,NA
211,/Users/shirokuriwaki/Dropbox/CVR_Data_Shared/data_main/STATA_long/GA_Talbot_long.dta,snyder_standard,NA
212,/Users/shirokuriwaki/Dropbox/CVR_Data_Shared/data_main/STATA_long/GA_Tattnall_long.dta,snyder_standard,NA
213,/Users/shirokuriwaki/Dropbox/CVR_Data_Shared/data_main/STATA_long/GA_Terrell_long.dta,snyder_standard,NA
214,/Users/shirokuriwaki/Dropbox/CVR_Data_Shared/data_main/STATA_long/GA_Thomas_long.dta,snyder_standard,NA
215,/Users/shirokuriwaki/Dropbox/CVR_Data_Shared/data_main/STATA_long/GA_Tift_long.dta,snyder_standard,NA
216,/Users/shirokuriwaki/Dropbox/CVR_Data_Shared/data_main/STATA_long/GA_Upson_long.dta,snyder_standard,NA
217,/Users/shirokuriwaki/Dropbox/CVR_Data_Shared/data_main/STATA_long/GA_Walker_long.dta,snyder_standard,NA
218,/Users/shirokuriwaki/Dropbox/CVR_Data_Shared/data_main/STATA_long/GA_Walton_long.dta,snyder_standard,NA
219,/Users/shirokuriwaki/Dropbox/CVR_Data_Shared/data_main/STATA_long/GA_Ware_long.dta,snyder_standard,NA
220,/Users/shirokuriwaki/Dropbox/CVR_Data_Shared/data_main/STATA_long/GA_Warren_long.dta,snyder_standard,NA
221,/Users/shirokuriwaki/Dropbox/CVR_Data_Shared/data_main/STATA_long/GA_Whitfield_long.dta,snyder_standard,NA
222,/Users/shirokuriwaki/Dropbox/CVR_Data_Shared/data_main/STATA_long/GA_Wilcox_long.dta,snyder_standard,NA
223,/Users/shirokuriwaki/Dropbox/CVR_Data_Shared/data_main/STATA_long/IL_Bloomington_long.dta,snyder_standard,NA
224,/Users/shirokuriwaki/Dropbox/CVR_Data_Shared/data_main/STATA_long/IL_Hamilton_long.dta,snyder_standard,NA
225,/Users/shirokuriwaki/Dropbox/CVR_Data_Shared/data_main/STATA_long/IL_Joe_Daviess_long.dta,snyder_standard,NA
226,/Users/shirokuriwaki/Dropbox/CVR_Data_Shared/data_main/STATA_long/IL_Lake_long.dta,snyder_standard,NA
227,/Users/shirokuriwaki/Dropbox/CVR_Data_Shared/data_main/STATA_long/IL_Monroe_long.dta,snyder_standard,NA
228,/Users/shirokuriwaki/Dropbox/CVR_Data_Shared/data_main/STATA_long/IL_Pike_long.dta,snyder_standard,NA
229,/Users/shirokuriwaki/Dropbox/CVR_Data_Shared/data_main/STATA_long/IL_Wayne_long.dta,snyder_standard,NA
230,/Users/shirokuriwaki/Dropbox/CVR_Data_Shared/data_main/STATA_long/MD_Allegany_long.dta,snyder_standard,NA
231,/Users/shirokuriwaki/Dropbox/CVR_Data_Shared/data_main/STATA_long/MD_Baltimore_City_long.dta,snyder_standard,NA
232,/Users/shirokuriwaki/Dropbox/CVR_Data_Shared/data_main/STATA_long/MD_Baltimore_long.dta,snyder_standard,NA
233,/Users/shirokuriwaki/Dropbox/CVR_Data_Shared/data_main/STATA_long/MD_Calvert_long.dta,snyder_standard,NA
234,/Users/shirokuriwaki/Dropbox/CVR_Data_Shared/data_main/STATA_long/MD_Caroline_long.dta,snyder_standard,NA
235,/Users/shirokuriwaki/Dropbox/CVR_Data_Shared/data_main/STATA_long/MD_Carroll_long.dta,snyder_standard,NA
236,/Users/shirokuriwaki/Dropbox/CVR_Data_Shared/data_main/STATA_long/MD_Cecil_long.dta,snyder_standard,NA
237,/Users/shirokuriwaki/Dropbox/CVR_Data_Shared/data_main/STATA_long/MD_Charles_long.dta,snyder_standard,NA
238,/Users/shirokuriwaki/Dropbox/CVR_Data_Shared/data_main/STATA_long/MD_Dorchester_long.dta,snyder_standard,NA
239,/Users/shirokuriwaki/Dropbox/CVR_Data_Shared/data_main/STATA_long/MD_Frederick_long.dta,snyder_standard,NA
240,/Users/shirokuriwaki/Dropbox/CVR_Data_Shared/data_main/STATA_long/MD_Garrett_long.dta,snyder_standard,NA
241,/Users/shirokuriwaki/Dropbox/CVR_Data_Shared/data_main/STATA_long/MD_Harford_long.dta,snyder_standard,NA
242,/Users/shirokuriwaki/Dropbox/CVR_Data_Shared/data_main/STATA_long/MD_Howard_long.dta,snyder_standard,NA
243,/Users/shirokuriwaki/Dropbox/CVR_Data_Shared/data_main/STATA_long/MD_Kent_long.dta,snyder_standard,NA
244,/Users/shirokuriwaki/Dropbox/CVR_Data_Shared/data_main/STATA_long/MD_Montgomery_long.dta,snyder_standard,NA
245,/Users/shirokuriwaki/Dropbox/CVR_Data_Shared/data_main/STATA_long/MD_Somerset_long.dta,snyder_standard,NA
246,/Users/shirokuriwaki/Dropbox/CVR_Data_Shared/data_main/STATA_long/MD_Talbot_long.dta,snyder_standard,NA
247,/Users/shirokuriwaki/Dropbox/CVR_Data_Shared/data_main/STATA_long/MD_Washington_long.dta,snyder_standard,NA
248,/Users/shirokuriwaki/Dropbox/CVR_Data_Shared/data_main/STATA_long/MD_Wicomico_long.dta,snyder_standard,NA
249,/Users/shirokuriwaki/Dropbox/CVR_Data_Shared/data_main/STATA_long/MD_Worcester_long.dta,snyder_standard,NA
250,/Users/shirokuriwaki/Dropbox/CVR_Data_Shared/data_main/STATA_long/MI_Alger_long.dta,snyder_standard,NA
251,/Users/shirokuriwaki/Dropbox/CVR_Data_Shared/data_main/STATA_long/MI_Barry_long.dta,snyder_standard,NA
252,/Users/shirokuriwaki/Dropbox/CVR_Data_Shared/data_main/STATA_long/MI_Bay_long.dta,snyder_standard,NA
253,/Users/shirokuriwaki/Dropbox/CVR_Data_Shared/data_main/STATA_long/MI_Branch_long.dta,snyder_standard,NA
254,/Users/shirokuriwaki/Dropbox/CVR_Data_Shared/data_main/STATA_long/MI_Charlevoix_long.dta,snyder_standard,NA
255,/Users/shirokuriwaki/Dropbox/CVR_Data_Shared/data_main/STATA_long/MI_Cheboygan_long.dta,snyder_standard,NA
256,/Users/shirokuriwaki/Dropbox/CVR_Data_Shared/data_main/STATA_long/MI_Chippewa_long.dta,snyder_standard,NA
257,/Users/shirokuriwaki/Dropbox/CVR_Data_Shared/data_main/STATA_long/MI_Delta_long.dta,snyder_standard,NA
258,/Users/shirokuriwaki/Dropbox/CVR_Data_Shared/data_main/STATA_long/MI_Dickinson_long.dta,snyder_standard,NA
259,/Users/shirokuriwaki/Dropbox/CVR_Data_Shared/data_main/STATA_long/MI_Emmet_long.dta,snyder_standard,NA
260,/Users/shirokuriwaki/Dropbox/CVR_Data_Shared/data_main/STATA_long/MI_Gladwin_long.dta,snyder_standard,NA
261,/Users/shirokuriwaki/Dropbox/CVR_Data_Shared/data_main/STATA_long/MI_Iron_long.dta,snyder_standard,NA
262,/Users/shirokuriwaki/Dropbox/CVR_Data_Shared/data_main/STATA_long/MI_Isabella_long.dta,snyder_standard,NA
263,/Users/shirokuriwaki/Dropbox/CVR_Data_Shared/data_main/STATA_long/MI_Kalamazoo_long.dta,snyder_standard,NA
264,/Users/shirokuriwaki/Dropbox/CVR_Data_Shared/data_main/STATA_long/MI_Leelanau_long.dta,snyder_standard,NA
265,/Users/shirokuriwaki/Dropbox/CVR_Data_Shared/data_main/STATA_long/MI_Macomb_long.dta,snyder_standard,NA
266,/Users/shirokuriwaki/Dropbox/CVR_Data_Shared/data_main/STATA_long/MI_Marquette_long.dta,snyder_standard,NA
267,/Users/shirokuriwaki/Dropbox/CVR_Data_Shared/data_main/STATA_long/MI_Mason_long.dta,snyder_standard,NA
268,/Users/shirokuriwaki/Dropbox/CVR_Data_Shared/data_main/STATA_long/MI_Missaukee_long.dta,snyder_standard,NA
269,/Users/shirokuriwaki/Dropbox/CVR_Data_Shared/data_main/STATA_long/MI_Monroe_long.dta,snyder_standard,NA
270,/Users/shirokuriwaki/Dropbox/CVR_Data_Shared/data_main/STATA_long/MI_Montmorency_long.dta,snyder_standard,NA
271,/Users/shirokuriwaki/Dropbox/CVR_Data_Shared/data_main/STATA_long/MI_Wayne_long.dta,snyder_standard,NA
272,/Users/shirokuriwaki/Dropbox/CVR_Data_Shared/data_main/STATA_long/NJ_Bergen_long.dta,snyder_standard,NA
273,/Users/shirokuriwaki/Dropbox/CVR_Data_Shared/data_main/STATA_long/NJ_Camden_long.dta,snyder_standard,NA
274,/Users/shirokuriwaki/Dropbox/CVR_Data_Shared/data_main/STATA_long/NJ_Essex_long.dta,snyder_standard,NA
275,/Users/shirokuriwaki/Dropbox/CVR_Data_Shared/data_main/STATA_long/NJ_Gloucester_long.dta,snyder_standard,NA
276,/Users/shirokuriwaki/Dropbox/CVR_Data_Shared/data_main/STATA_long/NJ_Hudson_long.dta,snyder_standard,NA
277,/Users/shirokuriwaki/Dropbox/CVR_Data_Shared/data_main/STATA_long/NJ_Middlesex_long.dta,snyder_standard,NA
278,/Users/shirokuriwaki/Dropbox/CVR_Data_Shared/data_main/STATA_long/NJ_Monmouth_long.dta,snyder_standard,NA
279,/Users/shirokuriwaki/Dropbox/CVR_Data_Shared/data_main/STATA_long/NJ_Passaic_long.dta,snyder_standard,NA
280,/Users/shirokuriwaki/Dropbox/CVR_Data_Shared/data_main/STATA_long/NJ_Salem_long.dta,snyder_standard,NA
281,/Users/shirokuriwaki/Dropbox/CVR_Data_Shared/data_main/STATA_long/NJ_Union_long.dta,snyder_standard,NA
282,/Users/shirokuriwaki/Dropbox/CVR_Data_Shared/data_main/STATA_long/NM_Chaves_long.dta,snyder_standard,NA
283,/Users/shirokuriwaki/Dropbox/CVR_Data_Shared/data_main/STATA_long/NM_Cibola_long.dta,snyder_standard,NA
284,/Users/shirokuriwaki/Dropbox/CVR_Data_Shared/data_main/STATA_long/NM_Los_Alamos_long.dta,snyder_standard,NA
285,/Users/shirokuriwaki/Dropbox/CVR_Data_Shared/data_main/STATA_long/NM_McKinley_long.dta,snyder_standard,NA
286,/Users/shirokuriwaki/Dropbox/CVR_Data_Shared/data_main/STATA_long/NM_Otero_long.dta,snyder_standard,NA
287,/Users/shirokuriwaki/Dropbox/CVR_Data_Shared/data_main/STATA_long/NM_Quay_long.dta,snyder_standard,NA
288,/Users/shirokuriwaki/Dropbox/CVR_Data_Shared/data_main/STATA_long/NM_Roosevelt_long.dta,snyder_standard,NA
289,/Users/shirokuriwaki/Dropbox/CVR_Data_Shared/data_main/STATA_long/NM_Sandoval_long.dta,snyder_standard,NA
290,/Users/shirokuriwaki/Dropbox/CVR_Data_Shared/data_main/STATA_long/NM_Sierra_long.dta,snyder_standard,NA
291,/Users/shirokuriwaki/Dropbox/CVR_Data_Shared/data_main/STATA_long/NM_Socorro_long.dta,snyder_standard,NA
292,/Users/shirokuriwaki/Dropbox/CVR_Data_Shared/data_main/STATA_long/NM_Valencia_long.dta,snyder_standard,NA
293,/Users/shirokuriwaki/Dropbox/CVR_Data_Shared/data_main/STATA_long/NV_Carson_City_long.dta,snyder_standard,NA
294,/Users/shirokuriwaki/Dropbox/CVR_Data_Shared/data_main/STATA_long/NV_Churchill_long.dta,snyder_standard,NA
295,/Users/shirokuriwaki/Dropbox/CVR_Data_Shared/data_main/STATA_long/NV_Douglas_long.dta,snyder_standard,NA
296,/Users/shirokuriwaki/Dropbox/CVR_Data_Shared/data_main/STATA_long/NV_Elko_long.dta,snyder_standard,NA
297,/Users/shirokuriwaki/Dropbox/CVR_Data_Shared/data_main/STATA_long/NV_Eureka_long.dta,snyder_standard,NA
298,/Users/shirokuriwaki/Dropbox/CVR_Data_Shared/data_main/STATA_long/NV_Lander_long.dta,snyder_standard,NA
299,/Users/shirokuriwaki/Dropbox/CVR_Data_Shared/data_main/STATA_long/NV_Lincoln_long.dta,snyder_standard,NA
300,/Users/shirokuriwaki/Dropbox/CVR_Data_Shared/data_main/STATA_long/NV_Lyon_long.dta,snyder_standard,NA
301,/Users/shirokuriwaki/Dropbox/CVR_Data_Shared/data_main/STATA_long/NV_Mineral_long.dta,snyder_standard,NA
302,/Users/shirokuriwaki/Dropbox/CVR_Data_Shared/data_main/STATA_long/NV_Nye_long.dta,snyder_standard,NA
303,/Users/shirokuriwaki/Dropbox/CVR_Data_Shared/data_main/STATA_long/NV_Pershing_long.dta,snyder_standard,NA
304,/Users/shirokuriwaki/Dropbox/CVR_Data_Shared/data_main/STATA_long/NV_Storey_long.dta,snyder_standard,NA
305,/Users/shirokuriwaki/Dropbox/CVR_Data_Shared/data_main/STATA_long/NV_Washoe_long.dta,snyder_standard,NA
306,/Users/shirokuriwaki/Dropbox/CVR_Data_Shared/data_main/STATA_long/NV_White_Pine_long.dta,snyder_standard,NA
307,/Users/shirokuriwaki/Dropbox/CVR_Data_Shared/data_main/STATA_long/OH_Allen_long.dta,snyder_standard,NA
308,/Users/shirokuriwaki/Dropbox/CVR_Data_Shared/data_main/STATA_long/OH_Ashtabula_long.dta,snyder_standard,NA
309,/Users/shirokuriwaki/Dropbox/CVR_Data_Shared/data_main/STATA_long/OH_Auglaize_long.dta,snyder_standard,NA
310,/Users/shirokuriwaki/Dropbox/CVR_Data_Shared/data_main/STATA_long/OH_Belmont_long.dta,snyder_standard,NA
311,/Users/shirokuriwaki/Dropbox/CVR_Data_Shared/data_main/STATA_long/OH_Butler_long.dta,snyder_standard,NA
312,/Users/shirokuriwaki/Dropbox/CVR_Data_Shared/data_main/STATA_long/OH_Champaign_long.dta,snyder_standard,NA
313,/Users/shirokuriwaki/Dropbox/CVR_Data_Shared/data_main/STATA_long/OH_Clark_long.dta,snyder_standard,NA
314,/Users/shirokuriwaki/Dropbox/CVR_Data_Shared/data_main/STATA_long/OH_Clermont_long.dta,snyder_standard,NA
315,/Users/shirokuriwaki/Dropbox/CVR_Data_Shared/data_main/STATA_long/OH_Clinton_long.dta,snyder_standard,NA
316,/Users/shirokuriwaki/Dropbox/CVR_Data_Shared/data_main/STATA_long/OH_Cuyahoga_long.dta,snyder_standard,NA
317,/Users/shirokuriwaki/Dropbox/CVR_Data_Shared/data_main/STATA_long/OH_Darke_long.dta,snyder_standard,NA
318,/Users/shirokuriwaki/Dropbox/CVR_Data_Shared/data_main/STATA_long/OH_Erie_long.dta,snyder_standard,NA
319,/Users/shirokuriwaki/Dropbox/CVR_Data_Shared/data_main/STATA_long/OH_Fayette_long.dta,snyder_standard,NA
320,/Users/shirokuriwaki/Dropbox/CVR_Data_Shared/data_main/STATA_long/OH_Franklin_long.dta,snyder_standard,NA
321,/Users/shirokuriwaki/Dropbox/CVR_Data_Shared/data_main/STATA_long/OH_Gallia_long.dta,snyder_standard,NA
322,/Users/shirokuriwaki/Dropbox/CVR_Data_Shared/data_main/STATA_long/OH_Greene_long.dta,snyder_standard,NA
323,/Users/shirokuriwaki/Dropbox/CVR_Data_Shared/data_main/STATA_long/OH_Hancock_long.dta,snyder_standard,NA
324,/Users/shirokuriwaki/Dropbox/CVR_Data_Shared/data_main/STATA_long/OH_Highland_long.dta,snyder_standard,NA
325,/Users/shirokuriwaki/Dropbox/CVR_Data_Shared/data_main/STATA_long/OH_Hocking_long.dta,snyder_standard,NA
326,/Users/shirokuriwaki/Dropbox/CVR_Data_Shared/data_main/STATA_long/OH_Logan_long.dta,snyder_standard,NA
327,/Users/shirokuriwaki/Dropbox/CVR_Data_Shared/data_main/STATA_long/OH_Miami_long.dta,snyder_standard,NA
328,/Users/shirokuriwaki/Dropbox/CVR_Data_Shared/data_main/STATA_long/OH_Monroe_long.dta,snyder_standard,NA
329,/Users/shirokuriwaki/Dropbox/CVR_Data_Shared/data_main/STATA_long/OH_Pickaway_long.dta,snyder_standard,NA
330,/Users/shirokuriwaki/Dropbox/CVR_Data_Shared/data_main/STATA_long/OH_Preble_long.dta,snyder_standard,NA
331,/Users/shirokuriwaki/Dropbox/CVR_Data_Shared/data_main/STATA_long/OH_Putnam_long.dta,snyder_standard,NA
332,/Users/shirokuriwaki/Dropbox/CVR_Data_Shared/data_main/STATA_long/OH_Richland_long.dta,snyder_standard,NA
333,/Users/shirokuriwaki/Dropbox/CVR_Data_Shared/data_main/STATA_long/OH_Ross_long.dta,snyder_standard,NA
334,/Users/shirokuriwaki/Dropbox/CVR_Data_Shared/data_main/STATA_long/OH_Seneca_long.dta,snyder_standard,NA
335,/Users/shirokuriwaki/Dropbox/CVR_Data_Shared/data_main/STATA_long/OH_Shelby_long.dta,snyder_standard,NA
336,/Users/shirokuriwaki/Dropbox/CVR_Data_Shared/data_main/STATA_long/OH_Trumbull_long.dta,snyder_standard,NA
337,/Users/shirokuriwaki/Dropbox/CVR_Data_Shared/data_main/STATA_long/OH_Tuscarawas_long.dta,snyder_standard,NA
338,/Users/shirokuriwaki/Dropbox/CVR_Data_Shared/data_main/STATA_long/OH_Van_Wert_long.dta,snyder_standard,NA
339,/Users/shirokuriwaki/Dropbox/CVR_Data_Shared/data_main/STATA_long/OH_Wood_long.dta,snyder_standard,NA
340,/Users/shirokuriwaki/Dropbox/CVR_Data_Shared/data_main/STATA_long/OR_Clatsop_long.dta,snyder_standard,NA
341,/Users/shirokuriwaki/Dropbox/CVR_Data_Shared/data_main/STATA_long/OR_Columbia_long.dta,snyder_standard,NA
342,/Users/shirokuriwaki/Dropbox/CVR_Data_Shared/data_main/STATA_long/OR_Deschutes_long.dta,snyder_standard,NA
343,/Users/shirokuriwaki/Dropbox/CVR_Data_Shared/data_main/STATA_long/OR_Douglas_long.dta,snyder_standard,NA
344,/Users/shirokuriwaki/Dropbox/CVR_Data_Shared/data_main/STATA_long/OR_Harney_long.dta,snyder_standard,NA
345,/Users/shirokuriwaki/Dropbox/CVR_Data_Shared/data_main/STATA_long/OR_Josephine_long.dta,snyder_standard,NA
346,/Users/shirokuriwaki/Dropbox/CVR_Data_Shared/data_main/STATA_long/OR_Klamath_long.dta,snyder_standard,NA
347,/Users/shirokuriwaki/Dropbox/CVR_Data_Shared/data_main/STATA_long/OR_Lincoln_long.dta,snyder_standard,NA
348,/Users/shirokuriwaki/Dropbox/CVR_Data_Shared/data_main/STATA_long/OR_Linn_long.dta,snyder_standard,NA
349,/Users/shirokuriwaki/Dropbox/CVR_Data_Shared/data_main/STATA_long/OR_Polk_long.dta,snyder_standard,NA
350,/Users/shirokuriwaki/Dropbox/CVR_Data_Shared/data_main/STATA_long/OR_Union_long.dta,snyder_standard,NA
351,/Users/shirokuriwaki/Dropbox/CVR_Data_Shared/data_main/STATA_long/OR_Wasco_long.dta,snyder_standard,NA
352,/Users/shirokuriwaki/Dropbox/CVR_Data_Shared/data_main/STATA_long/OR_Washington_long.dta,snyder_standard,NA
353,/Users/shirokuriwaki/Dropbox/CVR_Data_Shared/data_main/STATA_long/RI_Statewide_long.dta,snyder_standard,NA
354,/Users/shirokuriwaki/Dropbox/CVR_Data_Shared/data_main/STATA_long/TN_Williamson_long.dta,snyder_standard,NA
355,/Users/shirokuriwaki/Dropbox/CVR_Data_Shared/data_main/STATA_long/TX_Andrews_long.dta,snyder_standard,NA
356,/Users/shirokuriwaki/Dropbox/CVR_Data_Shared/data_main/STATA_long/TX_Bosque_long.dta,snyder_standard,NA
357,/Users/shirokuriwaki/Dropbox/CVR_Data_Shared/data_main/STATA_long/TX_Cameron_long.dta,snyder_standard,NA
358,/Users/shirokuriwaki/Dropbox/CVR_Data_Shared/data_main/STATA_long/TX_Childress_long.dta,snyder_standard,NA
359,/Users/shirokuriwaki/Dropbox/CVR_Data_Shared/data_main/STATA_long/TX_Coleman_long.dta,snyder_standard,NA
360,/Users/shirokuriwaki/Dropbox/CVR_Data_Shared/data_main/STATA_long/TX_Collin_long.dta,snyder_standard,NA
361,/Users/shirokuriwaki/Dropbox/CVR_Data_Shared/data_main/STATA_long/TX_Cooke_long.dta,snyder_standard,NA
362,/Users/shirokuriwaki/Dropbox/CVR_Data_Shared/data_main/STATA_long/TX_Cottle_long.dta,snyder_standard,NA
363,/Users/shirokuriwaki/Dropbox/CVR_Data_Shared/data_main/STATA_long/TX_Crane_long.dta,snyder_standard,NA
364,/Users/shirokuriwaki/Dropbox/CVR_Data_Shared/data_main/STATA_long/TX_Dallas_long.dta,snyder_standard,NA
365,/Users/shirokuriwaki/Dropbox/CVR_Data_Shared/data_main/STATA_long/TX_Ellis_long.dta,snyder_standard,NA
366,/Users/shirokuriwaki/Dropbox/CVR_Data_Shared/data_main/STATA_long/TX_Erath_long.dta,snyder_standard,NA
367,/Users/shirokuriwaki/Dropbox/CVR_Data_Shared/data_main/STATA_long/TX_Fort_Bend_long.dta,snyder_standard,NA
368,/Users/shirokuriwaki/Dropbox/CVR_Data_Shared/data_main/STATA_long/TX_Grayson_long.dta,snyder_standard,NA
369,/Users/shirokuriwaki/Dropbox/CVR_Data_Shared/data_main/STATA_long/TX_Guadelupe_long.dta,snyder_standard,NA
370,/Users/shirokuriwaki/Dropbox/CVR_Data_Shared/data_main/STATA_long/TX_Hockley_long.dta,snyder_standard,NA
371,/Users/shirokuriwaki/Dropbox/CVR_Data_Shared/data_main/STATA_long/TX_Howard_long.dta,snyder_standard,NA
372,/Users/shirokuriwaki/Dropbox/CVR_Data_Shared/data_main/STATA_long/TX_Kendall_long.dta,snyder_standard,NA
373,/Users/shirokuriwaki/Dropbox/CVR_Data_Shared/data_main/STATA_long/TX_Lee_long.dta,snyder_standard,NA
374,/Users/shirokuriwaki/Dropbox/CVR_Data_Shared/data_main/STATA_long/TX_Montague_long.dta,snyder_standard,NA
375,/Users/shirokuriwaki/Dropbox/CVR_Data_Shared/data_main/STATA_long/TX_Navarro_long.dta,snyder_standard,NA
376,/Users/shirokuriwaki/Dropbox/CVR_Data_Shared/data_main/STATA_long/TX_Oldham_long.dta,snyder_standard,NA
377,/Users/shirokuriwaki/Dropbox/CVR_Data_Shared/data_main/STATA_long/TX_Orange_long.dta,snyder_standard,NA
378,/Users/shirokuriwaki/Dropbox/CVR_Data_Shared/data_main/STATA_long/TX_Parmer_long.dta,snyder_standard,NA
379,/Users/shirokuriwaki/Dropbox/CVR_Data_Shared/data_main/STATA_long/TX_Scurry_long.dta,snyder_standard,NA
380,/Users/shirokuriwaki/Dropbox/CVR_Data_Shared/data_main/STATA_long/TX_Smith_long.dta,snyder_standard,NA
381,/Users/shirokuriwaki/Dropbox/CVR_Data_Shared/data_main/STATA_long/TX_Stephens_long.dta,snyder_standard,NA
382,/Users/shirokuriwaki/Dropbox/CVR_Data_Shared/data_main/STATA_long/TX_Travis_long.dta,snyder_standard,NA
383,/Users/shirokuriwaki/Dropbox/CVR_Data_Shared/data_main/STATA_long/TX_Walker_long.dta,snyder_standard,NA
384,/Users/shirokuriwaki/Dropbox/CVR_Data_Shared/data_main/STATA_long/TX_Washington_long.dta,snyder_standard,NA
385,/Users/shirokuriwaki/Dropbox/CVR_Data_Shared/data_main/STATA_long/TX_Wharton_long.dta,snyder_standard,NA
386,/Users/shirokuriwaki/Dropbox/CVR_Data_Shared/data_main/STATA_long/TX_Williamson_long.dta,snyder_standard,NA
387,/Users/shirokuriwaki/Dropbox/CVR_Data_Shared/data_main/STATA_long/UT_San_Juan_long.dta,snyder_standard,NA
388,/Users/shirokuriwaki/Dropbox/CVR_Data_Shared/data_main/STATA_long/WI_Brown_long.dta,snyder_standard,NA
389,/Users/shirokuriwaki/Dropbox/CVR_Data_Shared/data_main/STATA_long/WI_Calumet_long.dta,snyder_standard,NA
390,/Users/shirokuriwaki/Dropbox/CVR_Data_Shared/data_main/STATA_long/WI_Dane_long.dta,snyder_standard,NA
391,/Users/shirokuriwaki/Dropbox/CVR_Data_Shared/data_main/STATA_long/WI_Eau_Claire_long.dta,snyder_standard,NA
392,/Users/shirokuriwaki/Dropbox/CVR_Data_Shared/data_main/STATA_long/WI_Jefferson_long.dta,snyder_standard,NA
393,/Users/shirokuriwaki/Dropbox/CVR_Data_Shared/data_main/STATA_long/WI_Kenosha_long.dta,snyder_standard,NA
394,/Users/shirokuriwaki/Dropbox/CVR_Data_Shared/data_main/STATA_long/WI_Outagamie_long.dta,snyder_standard,NA
395,/Users/shirokuriwaki/Dropbox/CVR_Data_Shared/data_main/STATA_long/WI_Pierce_long.dta,snyder_standard,NA
396,/Users/shirokuriwaki/Dropbox/CVR_Data_Shared/data_main/STATA_long/WI_Sauk_long.dta,snyder_standard,NA
397,/Users/shirokuriwaki/Dropbox/CVR_Data_Shared/data_main/STATA_long/WI_Sheboygan_long.dta,snyder_standard,NA
398,/Users/shirokuriwaki/Dropbox/CVR_Data_Shared/data_main/STATA_long/WI_St_Croix_long.dta,snyder_standard,NA
399,/Users/shirokuriwaki/Dropbox/CVR_Data_Shared/data_main/STATA_long/WI_Waukesha_long.dta,snyder_standard,NA
400,/Users/shirokuriwaki/Dropbox/CVR_Data_Shared/data_main/STATA_long/WI_Wood_long.dta,snyder_standard,NA
401,/Users/shirokuriwaki/Dropbox/CVR_Data_Shared/data_main/STATA_long/WV_Nicholas_long.dta,snyder_standard,NA
402,/Users/shirokuriwaki/Dropbox/CVR_Data_Shared/data_main/STATA_long/WV_Wood_long.dta,snyder_standard,NA
403,/Users/shirokuriwaki/Dropbox/CVR-JSON/MI/release/Charlevoix_gen2020_offices_votes.dta,kuriwaki_standard,MI
404,/Users/shirokuriwaki/Dropbox/CVR-JSON/MI/release/missaukee_gen2020_offices_votes.dta,kuriwaki_standard,MI
405,/Users/shirokuriwaki/Dropbox/CVR-JSON/NJ/release/camden_gen2020_offices_votes.dta,kuriwaki_standard,NJ
406,/Users/shirokuriwaki/Dropbox/CVR-JSON/NM/release/Otero_gen2020_offices_votes.dta,kuriwaki_standard,NM
407,/Users/shirokuriwaki/Dropbox/CVR-JSON/NV/release/mineral_gen2020_offices_votes.dta,kuriwaki_standard,NV
408,~/Dropbox/CVR_Data_Shared/data_main/not-snyder_long/AZ/offices_votes.dta,kuriwaki_standard,AZ
409,~/Dropbox/CVR_Data_Shared/data_main/not-snyder_long/MD/offices_votes.dta,kuriwaki_standard,MD
410,~/Dropbox/CVR_Data_Shared/data_main/not-snyder_long/CA/offices_votes.dta,kuriwaki_standard,CA
